{
    "ad24": [
        1.9425632885173902,
        1.0134423987200736,
        1.1536790315722265,
        1.1636419491341052,
        0.13201715135778802,
        0.1308888352976841,
        0.13244749694436753,
        4.968433376363918
    ],
    "bme": {
        "temperature": 27.975468069314957,
        "timestamp": "2019-07-16T15:17:20.100399",
        "humidity": 75.81397858713719,
        "pressure": 979.3699913338772
    },
    "kTypes": [
        31.220796542943074,
        31.19309637413897,
        31.231361367042684
    ]
}