{
    "bme": {
        "pressure": 980.5986435007935,
        "temperature": 27.621676342212595,
        "humidity": 68.7799403077932,
        "timestamp": "2019-07-16T11:11:46.940297"
    },
    "ad24": [
        3.7294559156246083,
        0.8846218448426538,
        0.08444250636607484,
        1.0473669823845604,
        1.0465676840028386,
        1.046852594238829,
        0.12515784801934338,
        1.0431737951247448
    ]
}