{
    "ad24": [
        3.9736400811243153,
        0.9497518479528246,
        0.8633978204009319,
        0.8865226371911331,
        0.8518434586338351,
        0.8635802106356872,
        0.7942027800324893,
        0.8984376071021088
    ],
    "bme": {
        "pressure": 980.1593109201153,
        "timestamp": "2019-07-16T14:06:49.011085",
        "humidity": 73.61847152825294,
        "temperature": 28.248394090333022
    },
    "kTypes": [
        47.65099585314896
    ]
}